{
    "ast_type": "Module",
    "body": [
        {
            "ast_type": "Assign",
            "col_offset": 0,
            "lineno": 1,
            "targets": [
                {
                    "ast_type": "Name",
                    "col_offset": 0,
                    "ctx": {
                        "ast_type": "Store"
                    },
                    "id": "a",
                    "lineno": 1
                }
            ],
            "value": {
                "ast_type": "Str",
                "col_offset": 4,
                "lineno": 1,
                "s": "Hello World"
            }
        },
        {
            "ast_type": "While",
            "body": [
                {
                    "ast_type": "Expr",
                    "col_offset": 4,
                    "lineno": 3,
                    "value": {
                        "args": [
                            {
                                "ast_type": "Name",
                                "col_offset": 8,
                                "ctx": {
                                    "ast_type": "Load"
                                },
                                "id": "a",
                                "lineno": 3
                            }
                        ],
                        "ast_type": "Call",
                        "col_offset": 4,
                        "func": {
                            "ast_type": "Name",
                            "col_offset": 4,
                            "ctx": {
                                "ast_type": "Load"
                            },
                            "id": "raw",
                            "lineno": 3
                        },
                        "keywords": [],
                        "lineno": 3
                    }
                },
                {
                    "ast_type": "Assign",
                    "col_offset": 4,
                    "lineno": 4,
                    "targets": [
                        {
                            "ast_type": "Name",
                            "col_offset": 4,
                            "ctx": {
                                "ast_type": "Store"
                            },
                            "id": "a",
                            "lineno": 4
                        }
                    ],
                    "value": {
                        "args": [
                            {
                                "ast_type": "Name",
                                "col_offset": 16,
                                "ctx": {
                                    "ast_type": "Load"
                                },
                                "id": "a",
                                "lineno": 4
                            }
                        ],
                        "ast_type": "Call",
                        "col_offset": 8,
                        "func": {
                            "ast_type": "Name",
                            "col_offset": 8,
                            "ctx": {
                                "ast_type": "Load"
                            },
                            "id": "mogrify",
                            "lineno": 4
                        },
                        "keywords": [],
                        "lineno": 4
                    }
                },
                {
                    "ast_type": "Assign",
                    "col_offset": 4,
                    "lineno": 5,
                    "targets": [
                        {
                            "ast_type": "Name",
                            "col_offset": 4,
                            "ctx": {
                                "ast_type": "Store"
                            },
                            "id": "a",
                            "lineno": 5
                        }
                    ],
                    "value": {
                        "ast_type": "BinOp",
                        "col_offset": 8,
                        "left": {
                            "ast_type": "Name",
                            "col_offset": 8,
                            "ctx": {
                                "ast_type": "Load"
                            },
                            "id": "a",
                            "lineno": 5
                        },
                        "lineno": 5,
                        "op": {
                            "ast_type": "Add"
                        },
                        "right": {
                            "args": [],
                            "ast_type": "Call",
                            "col_offset": 12,
                            "func": {
                                "ast_type": "Name",
                                "col_offset": 12,
                                "ctx": {
                                    "ast_type": "Load"
                                },
                                "id": "get",
                                "lineno": 5
                            },
                            "keywords": [],
                            "lineno": 5
                        }
                    }
                }
            ],
            "col_offset": 0,
            "lineno": 2,
            "orelse": [],
            "test": {
                "ast_type": "NameConstant",
                "col_offset": 6,
                "lineno": 2,
                "value": "True"
            }
        }
    ]
}
