{
    "ast_type": "Module",
    "body": [
        {
            "ast_type": "Assign",
            "col_offset": 0,
            "lineno": 1,
            "targets": [
                {
                    "ast_type": "Name",
                    "col_offset": 0,
                    "ctx": {
                        "ast_type": "Store"
                    },
                    "id": "a",
                    "lineno": 1
                }
            ],
            "value": {
                "ast_type": "NameConstant",
                "col_offset": 4,
                "lineno": 1,
                "value": "True"
            }
        },
        {
            "ast_type": "Assign",
            "col_offset": 0,
            "lineno": 2,
            "targets": [
                {
                    "ast_type": "Name",
                    "col_offset": 0,
                    "ctx": {
                        "ast_type": "Store"
                    },
                    "id": "a",
                    "lineno": 2
                }
            ],
            "value": {
                "args": [],
                "ast_type": "Call",
                "col_offset": 4,
                "func": {
                    "ast_type": "Name",
                    "col_offset": 4,
                    "ctx": {
                        "ast_type": "Load"
                    },
                    "id": "get",
                    "lineno": 2
                },
                "keywords": [],
                "lineno": 2
            }
        },
        {
            "ast_type": "If",
            "body": [
                {
                    "ast_type": "Assign",
                    "col_offset": 4,
                    "lineno": 4,
                    "targets": [
                        {
                            "ast_type": "Name",
                            "col_offset": 4,
                            "ctx": {
                                "ast_type": "Store"
                            },
                            "id": "a",
                            "lineno": 4
                        }
                    ],
                    "value": {
                        "ast_type": "BinOp",
                        "col_offset": 8,
                        "left": {
                            "ast_type": "Name",
                            "col_offset": 8,
                            "ctx": {
                                "ast_type": "Load"
                            },
                            "id": "a",
                            "lineno": 4
                        },
                        "lineno": 4,
                        "op": {
                            "ast_type": "Add"
                        },
                        "right": {
                            "ast_type": "Str",
                            "col_offset": 12,
                            "lineno": 4,
                            "s": "ola"
                        }
                    }
                }
            ],
            "col_offset": 0,
            "lineno": 3,
            "orelse": [],
            "test": {
                "ast_type": "BoolOp",
                "col_offset": 4,
                "lineno": 3,
                "op": {
                    "ast_type": "Or"
                },
                "values": [
                    {
                        "ast_type": "UnaryOp",
                        "col_offset": 4,
                        "lineno": 3,
                        "op": {
                            "ast_type": "Not"
                        },
                        "operand": {
                            "ast_type": "Name",
                            "col_offset": 8,
                            "ctx": {
                                "ast_type": "Load"
                            },
                            "id": "a",
                            "lineno": 3
                        }
                    },
                    {
                        "ast_type": "Name",
                        "col_offset": 13,
                        "ctx": {
                            "ast_type": "Load"
                        },
                        "id": "b",
                        "lineno": 3
                    }
                ]
            }
        },
        {
            "ast_type": "Expr",
            "col_offset": 0,
            "lineno": 5,
            "value": {
                "args": [
                    {
                        "ast_type": "Name",
                        "col_offset": 8,
                        "ctx": {
                            "ast_type": "Load"
                        },
                        "id": "a",
                        "lineno": 5
                    }
                ],
                "ast_type": "Call",
                "col_offset": 0,
                "func": {
                    "ast_type": "Name",
                    "col_offset": 0,
                    "ctx": {
                        "ast_type": "Load"
                    },
                    "id": "execute",
                    "lineno": 5
                },
                "keywords": [],
                "lineno": 5
            }
        }
    ]
}
