{
    "ast_type": "Module",
    "body": [
        {
            "ast_type": "If",
            "body": [
                {
                    "ast_type": "Assign",
                    "col_offset": 4,
                    "lineno": 2,
                    "targets": [
                        {
                            "ast_type": "Name",
                            "col_offset": 4,
                            "ctx": {
                                "ast_type": "Store"
                            },
                            "id": "a",
                            "lineno": 2
                        }
                    ],
                    "value": {
                        "args": [],
                        "ast_type": "Call",
                        "col_offset": 8,
                        "func": {
                            "ast_type": "Name",
                            "col_offset": 8,
                            "ctx": {
                                "ast_type": "Load"
                            },
                            "id": "get",
                            "lineno": 2
                        },
                        "keywords": [],
                        "lineno": 2
                    }
                },
                {
                    "ast_type": "Expr",
                    "col_offset": 4,
                    "lineno": 3,
                    "value": {
                        "args": [
                            {
                                "ast_type": "Name",
                                "col_offset": 12,
                                "ctx": {
                                    "ast_type": "Load"
                                },
                                "id": "a",
                                "lineno": 3
                            }
                        ],
                        "ast_type": "Call",
                        "col_offset": 4,
                        "func": {
                            "ast_type": "Name",
                            "col_offset": 4,
                            "ctx": {
                                "ast_type": "Load"
                            },
                            "id": "execute",
                            "lineno": 3
                        },
                        "keywords": [],
                        "lineno": 3
                    }
                },
                {
                    "ast_type": "If",
                    "body": [
                        {
                            "ast_type": "Expr",
                            "col_offset": 8,
                            "lineno": 5,
                            "value": {
                                "args": [
                                    {
                                        "ast_type": "Name",
                                        "col_offset": 16,
                                        "ctx": {
                                            "ast_type": "Load"
                                        },
                                        "id": "a",
                                        "lineno": 5
                                    }
                                ],
                                "ast_type": "Call",
                                "col_offset": 8,
                                "func": {
                                    "ast_type": "Name",
                                    "col_offset": 8,
                                    "ctx": {
                                        "ast_type": "Load"
                                    },
                                    "id": "execute",
                                    "lineno": 5
                                },
                                "keywords": [],
                                "lineno": 5
                            }
                        }
                    ],
                    "col_offset": 4,
                    "lineno": 4,
                    "orelse": [
                        {
                            "ast_type": "Expr",
                            "col_offset": 8,
                            "lineno": 7,
                            "value": {
                                "args": [
                                    {
                                        "ast_type": "Name",
                                        "col_offset": 16,
                                        "ctx": {
                                            "ast_type": "Load"
                                        },
                                        "id": "b",
                                        "lineno": 7
                                    }
                                ],
                                "ast_type": "Call",
                                "col_offset": 8,
                                "func": {
                                    "ast_type": "Name",
                                    "col_offset": 8,
                                    "ctx": {
                                        "ast_type": "Load"
                                    },
                                    "id": "execute",
                                    "lineno": 7
                                },
                                "keywords": [],
                                "lineno": 7
                            }
                        }
                    ],
                    "test": {
                        "ast_type": "NameConstant",
                        "col_offset": 7,
                        "lineno": 4,
                        "value": "False"
                    }
                }
            ],
            "col_offset": 0,
            "lineno": 1,
            "orelse": [
                {
                    "ast_type": "Expr",
                    "col_offset": 4,
                    "lineno": 9,
                    "value": {
                        "args": [
                            {
                                "ast_type": "Name",
                                "col_offset": 12,
                                "ctx": {
                                    "ast_type": "Load"
                                },
                                "id": "a",
                                "lineno": 9
                            }
                        ],
                        "ast_type": "Call",
                        "col_offset": 4,
                        "func": {
                            "ast_type": "Name",
                            "col_offset": 4,
                            "ctx": {
                                "ast_type": "Load"
                            },
                            "id": "execute",
                            "lineno": 9
                        },
                        "keywords": [],
                        "lineno": 9
                    }
                }
            ],
            "test": {
                "ast_type": "NameConstant",
                "col_offset": 3,
                "lineno": 1,
                "value": "True"
            }
        }
    ]
}
