{
    "ast_type": "Module",
    "body": [
        {
            "ast_type": "Assign",
            "col_offset": 0,
            "lineno": 1,
            "targets": [
                {
                    "ast_type": "Name",
                    "col_offset": 0,
                    "ctx": {
                        "ast_type": "Store"
                    },
                    "id": "uname",
                    "lineno": 1
                }
            ],
            "value": {
                "args": [],
                "ast_type": "Call",
                "col_offset": 8,
                "func": {
                    "ast_type": "Name",
                    "col_offset": 8,
                    "ctx": {
                        "ast_type": "Load"
                    },
                    "id": "ContactMailForm",
                    "lineno": 1
                },
                "keywords": [],
                "lineno": 1
            }
        },
        {
            "ast_type": "Assign",
            "col_offset": 0,
            "lineno": 2,
            "targets": [
                {
                    "ast_type": "Name",
                    "col_offset": 0,
                    "ctx": {
                        "ast_type": "Store"
                    },
                    "id": "uname",
                    "lineno": 2
                }
            ],
            "value": {
                "args": [
                    {
                        "ast_type": "Name",
                        "col_offset": 24,
                        "ctx": {
                            "ast_type": "Load"
                        },
                        "id": "uname",
                        "lineno": 2
                    }
                ],
                "ast_type": "Call",
                "col_offset": 8,
                "func": {
                    "ast_type": "Name",
                    "col_offset": 8,
                    "ctx": {
                        "ast_type": "Load"
                    },
                    "id": "ChatMessageForm",
                    "lineno": 2
                },
                "keywords": [],
                "lineno": 2
            }
        },
        {
            "ast_type": "Assign",
            "col_offset": 0,
            "lineno": 3,
            "targets": [
                {
                    "ast_type": "Name",
                    "col_offset": 0,
                    "ctx": {
                        "ast_type": "Store"
                    },
                    "id": "uname",
                    "lineno": 3
                }
            ],
            "value": {
                "ast_type": "Str",
                "col_offset": 8,
                "lineno": 3,
                "s": "i am safe"
            }
        },
        {
            "ast_type": "Assign",
            "col_offset": 0,
            "lineno": 4,
            "targets": [
                {
                    "ast_type": "Name",
                    "col_offset": 0,
                    "ctx": {
                        "ast_type": "Store"
                    },
                    "id": "q",
                    "lineno": 4
                }
            ],
            "value": {
                "args": [
                    {
                        "ast_type": "BinOp",
                        "col_offset": 14,
                        "left": {
                            "ast_type": "Str",
                            "col_offset": 14,
                            "lineno": 4,
                            "s": "SELECT pass FROM users WHERE user='%s'"
                        },
                        "lineno": 4,
                        "op": {
                            "ast_type": "Mod"
                        },
                        "right": {
                            "ast_type": "Name",
                            "col_offset": 57,
                            "ctx": {
                                "ast_type": "Load"
                            },
                            "id": "uname",
                            "lineno": 4
                        }
                    }
                ],
                "ast_type": "Call",
                "col_offset": 4,
                "func": {
                    "ast_type": "Name",
                    "col_offset": 4,
                    "ctx": {
                        "ast_type": "Load"
                    },
                    "id": "mark_safe",
                    "lineno": 4
                },
                "keywords": [],
                "lineno": 4
            }
        }
    ]
}
