{
    "ast_type": "Module",
    "body": [
        {
            "ast_type": "Assign",
            "col_offset": 0,
            "lineno": 1,
            "targets": [
                {
                    "ast_type": "Name",
                    "col_offset": 0,
                    "ctx": {
                        "ast_type": "Store"
                    },
                    "id": "name",
                    "lineno": 1
                }
            ],
            "value": {
                "args": [],
                "ast_type": "Call",
                "col_offset": 8,
                "func": {
                    "ast_type": "Attribute",
                    "attr": "get",
                    "col_offset": 8,
                    "ctx": {
                        "ast_type": "Load"
                    },
                    "lineno": 1,
                    "value": {
                        "ast_type": "Attribute",
                        "attr": "form",
                        "col_offset": 8,
                        "ctx": {
                            "ast_type": "Load"
                        },
                        "lineno": 1,
                        "value": {
                            "ast_type": "Name",
                            "col_offset": 8,
                            "ctx": {
                                "ast_type": "Load"
                            },
                            "id": "request",
                            "lineno": 1
                        }
                    }
                },
                "keywords": [],
                "lineno": 1
            }
        },
        {
            "ast_type": "Assign",
            "col_offset": 0,
            "lineno": 2,
            "targets": [
                {
                    "ast_type": "Name",
                    "col_offset": 0,
                    "ctx": {
                        "ast_type": "Store"
                    },
                    "id": "name",
                    "lineno": 2
                }
            ],
            "value": {
                "args": [
                    {
                        "ast_type": "Name",
                        "col_offset": 29,
                        "ctx": {
                            "ast_type": "Load"
                        },
                        "id": "name",
                        "lineno": 2
                    }
                ],
                "ast_type": "Call",
                "col_offset": 7,
                "func": {
                    "ast_type": "Attribute",
                    "attr": "escape_string",
                    "col_offset": 7,
                    "ctx": {
                        "ast_type": "Load"
                    },
                    "lineno": 2,
                    "value": {
                        "ast_type": "Name",
                        "col_offset": 7,
                        "ctx": {
                            "ast_type": "Load"
                        },
                        "id": "MySQLdb",
                        "lineno": 2
                    }
                },
                "keywords": [],
                "lineno": 2
            }
        },
        {
            "ast_type": "Assign",
            "col_offset": 0,
            "lineno": 3,
            "targets": [
                {
                    "ast_type": "Name",
                    "col_offset": 0,
                    "ctx": {
                        "ast_type": "Store"
                    },
                    "id": "q",
                    "lineno": 3
                }
            ],
            "value": {
                "args": [
                    {
                        "ast_type": "BinOp",
                        "col_offset": 19,
                        "left": {
                            "ast_type": "Str",
                            "col_offset": 19,
                            "lineno": 3,
                            "s": "SELECT pass FROM users WHERE user='%s'"
                        },
                        "lineno": 3,
                        "op": {
                            "ast_type": "Mod"
                        },
                        "right": {
                            "ast_type": "Name",
                            "col_offset": 62,
                            "ctx": {
                                "ast_type": "Load"
                            },
                            "id": "name",
                            "lineno": 3
                        }
                    }
                ],
                "ast_type": "Call",
                "col_offset": 4,
                "func": {
                    "ast_type": "Attribute",
                    "attr": "execute",
                    "col_offset": 4,
                    "ctx": {
                        "ast_type": "Load"
                    },
                    "lineno": 3,
                    "value": {
                        "ast_type": "Name",
                        "col_offset": 4,
                        "ctx": {
                            "ast_type": "Load"
                        },
                        "id": "cursor",
                        "lineno": 3
                    }
                },
                "keywords": [],
                "lineno": 3
            }
        }
    ]
}
