{
    "ast_type": "Module",
    "body": [
        {
            "ast_type": "Assign",
            "col_offset": 0,
            "lineno": 1,
            "targets": [
                {
                    "ast_type": "Name",
                    "col_offset": 0,
                    "ctx": {
                        "ast_type": "Store"
                    },
                    "id": "a",
                    "lineno": 1
                }
            ],
            "value": {
                "ast_type": "Str",
                "col_offset": 4,
                "lineno": 1,
                "s": "Hello World"
            }
        },
        {
            "ast_type": "While",
            "body": [
                {
                    "ast_type": "Assign",
                    "col_offset": 4,
                    "lineno": 3,
                    "targets": [
                        {
                            "ast_type": "Name",
                            "col_offset": 4,
                            "ctx": {
                                "ast_type": "Store"
                            },
                            "id": "a",
                            "lineno": 3
                        }
                    ],
                    "value": {
                        "args": [],
                        "ast_type": "Call",
                        "col_offset": 8,
                        "func": {
                            "ast_type": "Name",
                            "col_offset": 8,
                            "ctx": {
                                "ast_type": "Load"
                            },
                            "id": "get",
                            "lineno": 3
                        },
                        "keywords": [],
                        "lineno": 3
                    }
                }
            ],
            "col_offset": 0,
            "lineno": 2,
            "orelse": [],
            "test": {
                "ast_type": "NameConstant",
                "col_offset": 6,
                "lineno": 2,
                "value": "True"
            }
        },
        {
            "ast_type": "Expr",
            "col_offset": 0,
            "lineno": 5,
            "value": {
                "args": [
                    {
                        "ast_type": "Name",
                        "col_offset": 4,
                        "ctx": {
                            "ast_type": "Load"
                        },
                        "id": "a",
                        "lineno": 5
                    }
                ],
                "ast_type": "Call",
                "col_offset": 0,
                "func": {
                    "ast_type": "Name",
                    "col_offset": 0,
                    "ctx": {
                        "ast_type": "Load"
                    },
                    "id": "raw",
                    "lineno": 5
                },
                "keywords": [],
                "lineno": 5
            }
        }
    ]
}
