{
    "ast_type": "Module",
    "body": [
        {
            "ast_type": "Assign",
            "col_offset": 0,
            "lineno": 1,
            "targets": [
                {
                    "ast_type": "Name",
                    "col_offset": 0,
                    "ctx": {
                        "ast_type": "Store"
                    },
                    "id": "uname",
                    "lineno": 1
                }
            ],
            "value": {
                "ast_type": "Num",
                "col_offset": 8,
                "lineno": 1,
                "n": {
                    "ast_type": "int",
                    "n": 17,
                    "n_str": "17"
                }
            }
        },
        {
            "ast_type": "Assign",
            "col_offset": 0,
            "lineno": 2,
            "targets": [
                {
                    "ast_type": "Name",
                    "col_offset": 0,
                    "ctx": {
                        "ast_type": "Store"
                    },
                    "id": "uname",
                    "lineno": 2
                }
            ],
            "value": {
                "args": [],
                "ast_type": "Call",
                "col_offset": 8,
                "func": {
                    "ast_type": "Name",
                    "col_offset": 8,
                    "ctx": {
                        "ast_type": "Load"
                    },
                    "id": "copy",
                    "lineno": 2
                },
                "keywords": [],
                "lineno": 2
            }
        },
        {
            "ast_type": "Assign",
            "col_offset": 0,
            "lineno": 3,
            "targets": [
                {
                    "ast_type": "Name",
                    "col_offset": 0,
                    "ctx": {
                        "ast_type": "Store"
                    },
                    "id": "q",
                    "lineno": 3
                }
            ],
            "value": {
                "args": [
                    {
                        "ast_type": "Name",
                        "col_offset": 14,
                        "ctx": {
                            "ast_type": "Load"
                        },
                        "id": "uname",
                        "lineno": 3
                    },
                    {
                        "args": [],
                        "ast_type": "Call",
                        "col_offset": 21,
                        "func": {
                            "ast_type": "Name",
                            "col_offset": 21,
                            "ctx": {
                                "ast_type": "Load"
                            },
                            "id": "copy",
                            "lineno": 3
                        },
                        "keywords": [],
                        "lineno": 3
                    }
                ],
                "ast_type": "Call",
                "col_offset": 4,
                "func": {
                    "ast_type": "Name",
                    "col_offset": 4,
                    "ctx": {
                        "ast_type": "Load"
                    },
                    "id": "mark_safe",
                    "lineno": 3
                },
                "keywords": [],
                "lineno": 3
            }
        },
        {
            "ast_type": "Assign",
            "col_offset": 0,
            "lineno": 5,
            "targets": [
                {
                    "ast_type": "Name",
                    "col_offset": 0,
                    "ctx": {
                        "ast_type": "Store"
                    },
                    "id": "q",
                    "lineno": 5
                }
            ],
            "value": {
                "args": [
                    {
                        "ast_type": "Name",
                        "col_offset": 14,
                        "ctx": {
                            "ast_type": "Load"
                        },
                        "id": "uname",
                        "lineno": 5
                    },
                    {
                        "args": [
                            {
                                "args": [
                                    {
                                        "args": [],
                                        "ast_type": "Call",
                                        "col_offset": 43,
                                        "func": {
                                            "ast_type": "Name",
                                            "col_offset": 43,
                                            "ctx": {
                                                "ast_type": "Load"
                                            },
                                            "id": "get_object_or_404",
                                            "lineno": 5
                                        },
                                        "keywords": [],
                                        "lineno": 5
                                    }
                                ],
                                "ast_type": "Call",
                                "col_offset": 37,
                                "func": {
                                    "ast_type": "Name",
                                    "col_offset": 37,
                                    "ctx": {
                                        "ast_type": "Load"
                                    },
                                    "id": "clean",
                                    "lineno": 5
                                },
                                "keywords": [],
                                "lineno": 5
                            }
                        ],
                        "ast_type": "Call",
                        "col_offset": 21,
                        "func": {
                            "ast_type": "Name",
                            "col_offset": 21,
                            "ctx": {
                                "ast_type": "Load"
                            },
                            "id": "ContactMailForm",
                            "lineno": 5
                        },
                        "keywords": [],
                        "lineno": 5
                    }
                ],
                "ast_type": "Call",
                "col_offset": 4,
                "func": {
                    "ast_type": "Name",
                    "col_offset": 4,
                    "ctx": {
                        "ast_type": "Load"
                    },
                    "id": "mark_safe",
                    "lineno": 5
                },
                "keywords": [],
                "lineno": 5
            }
        }
    ]
}
