{
    "ast_type": "Module",
    "body": [
        {
            "ast_type": "Assign",
            "col_offset": 0,
            "lineno": 1,
            "targets": [
                {
                    "ast_type": "Name",
                    "col_offset": 0,
                    "ctx": {
                        "ast_type": "Store"
                    },
                    "id": "a",
                    "lineno": 1
                }
            ],
            "value": {
                "ast_type": "Str",
                "col_offset": 4,
                "lineno": 1,
                "s": "Hello World"
            }
        },
        {
            "ast_type": "While",
            "body": [
                {
                    "ast_type": "Expr",
                    "col_offset": 4,
                    "lineno": 3,
                    "value": {
                        "args": [
                            {
                                "ast_type": "Name",
                                "col_offset": 12,
                                "ctx": {
                                    "ast_type": "Load"
                                },
                                "id": "a",
                                "lineno": 3
                            }
                        ],
                        "ast_type": "Call",
                        "col_offset": 4,
                        "func": {
                            "ast_type": "Name",
                            "col_offset": 4,
                            "ctx": {
                                "ast_type": "Load"
                            },
                            "id": "execute",
                            "lineno": 3
                        },
                        "keywords": [],
                        "lineno": 3
                    }
                },
                {
                    "ast_type": "If",
                    "body": [
                        {
                            "ast_type": "Assign",
                            "col_offset": 8,
                            "lineno": 5,
                            "targets": [
                                {
                                    "ast_type": "Name",
                                    "col_offset": 8,
                                    "ctx": {
                                        "ast_type": "Store"
                                    },
                                    "id": "a",
                                    "lineno": 5
                                }
                            ],
                            "value": {
                                "args": [
                                    {
                                        "ast_type": "Name",
                                        "col_offset": 26,
                                        "ctx": {
                                            "ast_type": "Load"
                                        },
                                        "id": "a",
                                        "lineno": 5
                                    }
                                ],
                                "ast_type": "Call",
                                "col_offset": 12,
                                "func": {
                                    "ast_type": "Name",
                                    "col_offset": 12,
                                    "ctx": {
                                        "ast_type": "Load"
                                    },
                                    "id": "escape_string",
                                    "lineno": 5
                                },
                                "keywords": [],
                                "lineno": 5
                            }
                        }
                    ],
                    "col_offset": 4,
                    "lineno": 4,
                    "orelse": [],
                    "test": {
                        "ast_type": "Name",
                        "col_offset": 7,
                        "ctx": {
                            "ast_type": "Load"
                        },
                        "id": "true",
                        "lineno": 4
                    }
                },
                {
                    "ast_type": "Expr",
                    "col_offset": 4,
                    "lineno": 6,
                    "value": {
                        "args": [
                            {
                                "ast_type": "Name",
                                "col_offset": 8,
                                "ctx": {
                                    "ast_type": "Load"
                                },
                                "id": "a",
                                "lineno": 6
                            }
                        ],
                        "ast_type": "Call",
                        "col_offset": 4,
                        "func": {
                            "ast_type": "Name",
                            "col_offset": 4,
                            "ctx": {
                                "ast_type": "Load"
                            },
                            "id": "raw",
                            "lineno": 6
                        },
                        "keywords": [],
                        "lineno": 6
                    }
                },
                {
                    "ast_type": "If",
                    "body": [
                        {
                            "ast_type": "Assign",
                            "col_offset": 8,
                            "lineno": 8,
                            "targets": [
                                {
                                    "ast_type": "Name",
                                    "col_offset": 8,
                                    "ctx": {
                                        "ast_type": "Store"
                                    },
                                    "id": "a",
                                    "lineno": 8
                                }
                            ],
                            "value": {
                                "args": [
                                    {
                                        "ast_type": "Name",
                                        "col_offset": 20,
                                        "ctx": {
                                            "ast_type": "Load"
                                        },
                                        "id": "a",
                                        "lineno": 8
                                    }
                                ],
                                "ast_type": "Call",
                                "col_offset": 12,
                                "func": {
                                    "ast_type": "Name",
                                    "col_offset": 12,
                                    "ctx": {
                                        "ast_type": "Load"
                                    },
                                    "id": "mogrify",
                                    "lineno": 8
                                },
                                "keywords": [],
                                "lineno": 8
                            }
                        }
                    ],
                    "col_offset": 4,
                    "lineno": 7,
                    "orelse": [],
                    "test": {
                        "ast_type": "Name",
                        "col_offset": 7,
                        "ctx": {
                            "ast_type": "Load"
                        },
                        "id": "true",
                        "lineno": 7
                    }
                },
                {
                    "ast_type": "If",
                    "body": [
                        {
                            "ast_type": "Assign",
                            "col_offset": 8,
                            "lineno": 10,
                            "targets": [
                                {
                                    "ast_type": "Name",
                                    "col_offset": 8,
                                    "ctx": {
                                        "ast_type": "Store"
                                    },
                                    "id": "a",
                                    "lineno": 10
                                }
                            ],
                            "value": {
                                "ast_type": "BinOp",
                                "col_offset": 44,
                                "left": {
                                    "ast_type": "BinOp",
                                    "col_offset": 22,
                                    "left": {
                                        "ast_type": "BinOp",
                                        "col_offset": 12,
                                        "left": {
                                            "ast_type": "Name",
                                            "col_offset": 12,
                                            "ctx": {
                                                "ast_type": "Load"
                                            },
                                            "id": "a",
                                            "lineno": 10
                                        },
                                        "lineno": 10,
                                        "op": {
                                            "ast_type": "Add"
                                        },
                                        "right": {
                                            "args": [],
                                            "ast_type": "Call",
                                            "col_offset": 16,
                                            "func": {
                                                "ast_type": "Name",
                                                "col_offset": 16,
                                                "ctx": {
                                                    "ast_type": "Load"
                                                },
                                                "id": "get",
                                                "lineno": 10
                                            },
                                            "keywords": [],
                                            "lineno": 10
                                        }
                                    },
                                    "lineno": 10,
                                    "op": {
                                        "ast_type": "Add"
                                    },
                                    "right": {
                                        "args": [],
                                        "ast_type": "Call",
                                        "col_offset": 24,
                                        "func": {
                                            "ast_type": "Name",
                                            "col_offset": 24,
                                            "ctx": {
                                                "ast_type": "Load"
                                            },
                                            "id": "get_object_or_404",
                                            "lineno": 10
                                        },
                                        "keywords": [],
                                        "lineno": 10
                                    }
                                },
                                "lineno": 10,
                                "op": {
                                    "ast_type": "Add"
                                },
                                "right": {
                                    "args": [],
                                    "ast_type": "Call",
                                    "col_offset": 46,
                                    "func": {
                                        "ast_type": "Name",
                                        "col_offset": 46,
                                        "ctx": {
                                            "ast_type": "Load"
                                        },
                                        "id": "ContactMailForm",
                                        "lineno": 10
                                    },
                                    "keywords": [],
                                    "lineno": 10
                                }
                            }
                        }
                    ],
                    "col_offset": 4,
                    "lineno": 9,
                    "orelse": [
                        {
                            "ast_type": "Assign",
                            "col_offset": 8,
                            "lineno": 12,
                            "targets": [
                                {
                                    "ast_type": "Name",
                                    "col_offset": 8,
                                    "ctx": {
                                        "ast_type": "Store"
                                    },
                                    "id": "a",
                                    "lineno": 12
                                }
                            ],
                            "value": {
                                "ast_type": "BinOp",
                                "col_offset": 35,
                                "left": {
                                    "ast_type": "BinOp",
                                    "col_offset": 12,
                                    "left": {
                                        "ast_type": "Name",
                                        "col_offset": 12,
                                        "ctx": {
                                            "ast_type": "Load"
                                        },
                                        "id": "a",
                                        "lineno": 12
                                    },
                                    "lineno": 12,
                                    "op": {
                                        "ast_type": "Add"
                                    },
                                    "right": {
                                        "args": [],
                                        "ast_type": "Call",
                                        "col_offset": 16,
                                        "func": {
                                            "ast_type": "Name",
                                            "col_offset": 16,
                                            "ctx": {
                                                "ast_type": "Load"
                                            },
                                            "id": "get_query_string",
                                            "lineno": 12
                                        },
                                        "keywords": [],
                                        "lineno": 12
                                    }
                                },
                                "lineno": 12,
                                "op": {
                                    "ast_type": "Add"
                                },
                                "right": {
                                    "args": [],
                                    "ast_type": "Call",
                                    "col_offset": 37,
                                    "func": {
                                        "ast_type": "Name",
                                        "col_offset": 37,
                                        "ctx": {
                                            "ast_type": "Load"
                                        },
                                        "id": "copy",
                                        "lineno": 12
                                    },
                                    "keywords": [],
                                    "lineno": 12
                                }
                            }
                        }
                    ],
                    "test": {
                        "ast_type": "Name",
                        "col_offset": 7,
                        "ctx": {
                            "ast_type": "Load"
                        },
                        "id": "true",
                        "lineno": 9
                    }
                }
            ],
            "col_offset": 0,
            "lineno": 2,
            "orelse": [],
            "test": {
                "ast_type": "NameConstant",
                "col_offset": 6,
                "lineno": 2,
                "value": "True"
            }
        }
    ]
}
