{
    "ast_type": "Module",
    "body": [
        {
            "ast_type": "Assign",
            "col_offset": 0,
            "lineno": 1,
            "targets": [
                {
                    "ast_type": "Name",
                    "col_offset": 0,
                    "ctx": {
                        "ast_type": "Store"
                    },
                    "id": "request",
                    "lineno": 1
                }
            ],
            "value": {
                "args": [],
                "ast_type": "Call",
                "col_offset": 10,
                "func": {
                    "ast_type": "Attribute",
                    "attr": "get",
                    "col_offset": 10,
                    "ctx": {
                        "ast_type": "Load"
                    },
                    "lineno": 1,
                    "value": {
                        "ast_type": "Attribute",
                        "attr": "GET",
                        "col_offset": 10,
                        "ctx": {
                            "ast_type": "Load"
                        },
                        "lineno": 1,
                        "value": {
                            "ast_type": "Name",
                            "col_offset": 10,
                            "ctx": {
                                "ast_type": "Load"
                            },
                            "id": "request",
                            "lineno": 1
                        }
                    }
                },
                "keywords": [],
                "lineno": 1
            }
        },
        {
            "ast_type": "Expr",
            "col_offset": 0,
            "lineno": 2,
            "value": {
                "args": [
                    {
                        "ast_type": "Name",
                        "col_offset": 31,
                        "ctx": {
                            "ast_type": "Load"
                        },
                        "id": "request",
                        "lineno": 2
                    }
                ],
                "ast_type": "Call",
                "col_offset": 0,
                "func": {
                    "ast_type": "Attribute",
                    "attr": "xpath",
                    "col_offset": 0,
                    "ctx": {
                        "ast_type": "Load"
                    },
                    "lineno": 2,
                    "value": {
                        "args": [
                            {
                                "ast_type": "Str",
                                "col_offset": 21,
                                "lineno": 2,
                                "s": ""
                            }
                        ],
                        "ast_type": "Call",
                        "col_offset": 0,
                        "func": {
                            "ast_type": "Attribute",
                            "attr": "fromstring",
                            "col_offset": 0,
                            "ctx": {
                                "ast_type": "Load"
                            },
                            "lineno": 2,
                            "value": {
                                "ast_type": "Attribute",
                                "attr": "html",
                                "col_offset": 0,
                                "ctx": {
                                    "ast_type": "Load"
                                },
                                "lineno": 2,
                                "value": {
                                    "ast_type": "Name",
                                    "col_offset": 0,
                                    "ctx": {
                                        "ast_type": "Load"
                                    },
                                    "id": "lxml",
                                    "lineno": 2
                                }
                            }
                        },
                        "keywords": [],
                        "lineno": 2
                    }
                },
                "keywords": [],
                "lineno": 2
            }
        }
    ]
}
