{
    "ast_type": "Module",
    "body": [
        {
            "ast_type": "Assign",
            "col_offset": 0,
            "lineno": 1,
            "targets": [
                {
                    "ast_type": "Name",
                    "col_offset": 0,
                    "ctx": {
                        "ast_type": "Store"
                    },
                    "id": "a",
                    "lineno": 1
                }
            ],
            "value": {
                "ast_type": "NameConstant",
                "col_offset": 4,
                "lineno": 1,
                "value": "True"
            }
        },
        {
            "ast_type": "If",
            "body": [
                {
                    "ast_type": "Assign",
                    "col_offset": 4,
                    "lineno": 4,
                    "targets": [
                        {
                            "ast_type": "Name",
                            "col_offset": 4,
                            "ctx": {
                                "ast_type": "Store"
                            },
                            "id": "a",
                            "lineno": 4
                        }
                    ],
                    "value": {
                        "args": [],
                        "ast_type": "Call",
                        "col_offset": 8,
                        "func": {
                            "ast_type": "Name",
                            "col_offset": 8,
                            "ctx": {
                                "ast_type": "Load"
                            },
                            "id": "get",
                            "lineno": 4
                        },
                        "keywords": [],
                        "lineno": 4
                    }
                }
            ],
            "col_offset": 0,
            "lineno": 3,
            "orelse": [
                {
                    "ast_type": "Expr",
                    "col_offset": 4,
                    "lineno": 6,
                    "value": {
                        "args": [
                            {
                                "ast_type": "Name",
                                "col_offset": 12,
                                "ctx": {
                                    "ast_type": "Load"
                                },
                                "id": "b",
                                "lineno": 6
                            }
                        ],
                        "ast_type": "Call",
                        "col_offset": 4,
                        "func": {
                            "ast_type": "Name",
                            "col_offset": 4,
                            "ctx": {
                                "ast_type": "Load"
                            },
                            "id": "execute",
                            "lineno": 6
                        },
                        "keywords": [],
                        "lineno": 6
                    }
                }
            ],
            "test": {
                "ast_type": "BoolOp",
                "col_offset": 4,
                "lineno": 3,
                "op": {
                    "ast_type": "Or"
                },
                "values": [
                    {
                        "ast_type": "UnaryOp",
                        "col_offset": 4,
                        "lineno": 3,
                        "op": {
                            "ast_type": "Not"
                        },
                        "operand": {
                            "ast_type": "Name",
                            "col_offset": 8,
                            "ctx": {
                                "ast_type": "Load"
                            },
                            "id": "a",
                            "lineno": 3
                        }
                    },
                    {
                        "ast_type": "UnaryOp",
                        "col_offset": 13,
                        "lineno": 3,
                        "op": {
                            "ast_type": "Not"
                        },
                        "operand": {
                            "ast_type": "NameConstant",
                            "col_offset": 17,
                            "lineno": 3,
                            "value": "True"
                        }
                    }
                ]
            }
        },
        {
            "ast_type": "Expr",
            "col_offset": 0,
            "lineno": 7,
            "value": {
                "args": [
                    {
                        "ast_type": "Name",
                        "col_offset": 8,
                        "ctx": {
                            "ast_type": "Load"
                        },
                        "id": "a",
                        "lineno": 7
                    }
                ],
                "ast_type": "Call",
                "col_offset": 0,
                "func": {
                    "ast_type": "Name",
                    "col_offset": 0,
                    "ctx": {
                        "ast_type": "Load"
                    },
                    "id": "execute",
                    "lineno": 7
                },
                "keywords": [],
                "lineno": 7
            }
        }
    ]
}
